<?xml version="1.0" encoding="utf-8"?><feed xmlns="http://www.w3.org/2005/Atom" ><generator uri="https://jekyllrb.com/" version="4.0.1">Jekyll</generator><link href="/atom.xml" rel="self" type="application/atom+xml" /><link href="/" rel="alternate" type="text/html" /><updated>2020-05-16T12:19:23-05:00</updated><id>/atom.xml</id><title type="html">বাংলাদেশে মেশিন লার্নিং কাজ</title><subtitle>বাংলাদেশে মেশিন লার্নিং কাজ</subtitle><entry><title type="html">Syntax Highlighting Test</title><link href="/articles/syntax-highlighting-test/" rel="alternate" type="text/html" title="Syntax Highlighting Test" /><published>2014-11-29T21:08:14-06:00</published><updated>2014-11-29T21:08:14-06:00</updated><id>/articles/syntax-highlighting-test</id><content type="html" xml:base="/articles/syntax-highlighting-test/">&lt;p&gt;&lt;a href=&quot;http://en.wikipedia.org/wiki/Syntax_highlighting&quot;&gt;Syntax highlighting&lt;/a&gt; is a feature that displays source code, in different colors and fonts according to the category of terms. This feature facilitates writing in a structured language such as a programming language or a markup language as both structures and syntax errors are visually distinct. Highlighting does not affect the meaning of the text itself; it is intended only for human readers.&lt;/p&gt;

&lt;nav class=&quot;toc&quot;&gt;

&lt;/nav&gt;

&lt;h3 id=&quot;code-blocks&quot;&gt;&lt;code class=&quot;highlighter-rouge&quot;&gt;&amp;lt;code&amp;gt;&lt;/code&gt; Blocks&lt;/h3&gt;

&lt;pre&gt;
	&lt;code&gt;
.site-title {
	@include row;
	@include media($large) {
		@include span-columns(4);
	}
	padding: (.25 * $masthead-height) 0; // fourth the height to center vertically
	height: $masthead-height;
	text-decoration: none;
	color: $black;
	font-family: $alt-font;
	font-weight: 700;
	@include font-size(20,no);
	line-height: .5 * $masthead-height; // half the height to center vertically
	text-transform: uppercase;
}
	&lt;/code&gt;
&lt;/pre&gt;

&lt;h3 id=&quot;highlighted-code-blocks&quot;&gt;Highlighted Code Blocks&lt;/h3&gt;

&lt;p&gt;To modify styling and highlight colors edit &lt;code class=&quot;highlighter-rouge&quot;&gt;/_sass/_syntax.scss&lt;/code&gt;.&lt;/p&gt;

&lt;div class=&quot;language-css highlighter-rouge&quot;&gt;&lt;div class=&quot;highlight&quot;&gt;&lt;pre class=&quot;highlight&quot;&gt;&lt;code&gt;&lt;span class=&quot;nf&quot;&gt;#container&lt;/span&gt; &lt;span class=&quot;p&quot;&gt;{&lt;/span&gt;
    &lt;span class=&quot;nl&quot;&gt;float&lt;/span&gt;&lt;span class=&quot;p&quot;&gt;:&lt;/span&gt; &lt;span class=&quot;nb&quot;&gt;left&lt;/span&gt;&lt;span class=&quot;p&quot;&gt;;&lt;/span&gt;
    &lt;span class=&quot;nl&quot;&gt;margin&lt;/span&gt;&lt;span class=&quot;p&quot;&gt;:&lt;/span&gt; &lt;span class=&quot;m&quot;&gt;0&lt;/span&gt; &lt;span class=&quot;m&quot;&gt;-240px&lt;/span&gt; &lt;span class=&quot;m&quot;&gt;0&lt;/span&gt; &lt;span class=&quot;m&quot;&gt;0&lt;/span&gt;&lt;span class=&quot;p&quot;&gt;;&lt;/span&gt;
    &lt;span class=&quot;nl&quot;&gt;width&lt;/span&gt;&lt;span class=&quot;p&quot;&gt;:&lt;/span&gt; &lt;span class=&quot;m&quot;&gt;100%&lt;/span&gt;&lt;span class=&quot;p&quot;&gt;;&lt;/span&gt;
&lt;span class=&quot;p&quot;&gt;}&lt;/span&gt;
&lt;/code&gt;&lt;/pre&gt;&lt;/div&gt;&lt;/div&gt;

&lt;div class=&quot;language-ruby highlighter-rouge&quot;&gt;&lt;div class=&quot;highlight&quot;&gt;&lt;pre class=&quot;highlight&quot;&gt;&lt;code&gt;&lt;span class=&quot;k&quot;&gt;module&lt;/span&gt; &lt;span class=&quot;nn&quot;&gt;Jekyll&lt;/span&gt;
  &lt;span class=&quot;k&quot;&gt;class&lt;/span&gt; &lt;span class=&quot;nc&quot;&gt;TagIndex&lt;/span&gt; &lt;span class=&quot;o&quot;&gt;&amp;lt;&lt;/span&gt; &lt;span class=&quot;no&quot;&gt;Page&lt;/span&gt;
    &lt;span class=&quot;k&quot;&gt;def&lt;/span&gt; &lt;span class=&quot;nf&quot;&gt;initialize&lt;/span&gt;&lt;span class=&quot;p&quot;&gt;(&lt;/span&gt;&lt;span class=&quot;n&quot;&gt;site&lt;/span&gt;&lt;span class=&quot;p&quot;&gt;,&lt;/span&gt; &lt;span class=&quot;n&quot;&gt;base&lt;/span&gt;&lt;span class=&quot;p&quot;&gt;,&lt;/span&gt; &lt;span class=&quot;n&quot;&gt;dir&lt;/span&gt;&lt;span class=&quot;p&quot;&gt;,&lt;/span&gt; &lt;span class=&quot;n&quot;&gt;tag&lt;/span&gt;&lt;span class=&quot;p&quot;&gt;)&lt;/span&gt;
      &lt;span class=&quot;vi&quot;&gt;@site&lt;/span&gt; &lt;span class=&quot;o&quot;&gt;=&lt;/span&gt; &lt;span class=&quot;n&quot;&gt;site&lt;/span&gt;
      &lt;span class=&quot;vi&quot;&gt;@base&lt;/span&gt; &lt;span class=&quot;o&quot;&gt;=&lt;/span&gt; &lt;span class=&quot;n&quot;&gt;base&lt;/span&gt;
      &lt;span class=&quot;vi&quot;&gt;@dir&lt;/span&gt; &lt;span class=&quot;o&quot;&gt;=&lt;/span&gt; &lt;span class=&quot;n&quot;&gt;dir&lt;/span&gt;
      &lt;span class=&quot;vi&quot;&gt;@name&lt;/span&gt; &lt;span class=&quot;o&quot;&gt;=&lt;/span&gt; &lt;span class=&quot;s1&quot;&gt;'index.html'&lt;/span&gt;
      &lt;span class=&quot;nb&quot;&gt;self&lt;/span&gt;&lt;span class=&quot;p&quot;&gt;.&lt;/span&gt;&lt;span class=&quot;nf&quot;&gt;process&lt;/span&gt;&lt;span class=&quot;p&quot;&gt;(&lt;/span&gt;&lt;span class=&quot;vi&quot;&gt;@name&lt;/span&gt;&lt;span class=&quot;p&quot;&gt;)&lt;/span&gt;
      &lt;span class=&quot;nb&quot;&gt;self&lt;/span&gt;&lt;span class=&quot;p&quot;&gt;.&lt;/span&gt;&lt;span class=&quot;nf&quot;&gt;read_yaml&lt;/span&gt;&lt;span class=&quot;p&quot;&gt;(&lt;/span&gt;&lt;span class=&quot;no&quot;&gt;File&lt;/span&gt;&lt;span class=&quot;p&quot;&gt;.&lt;/span&gt;&lt;span class=&quot;nf&quot;&gt;join&lt;/span&gt;&lt;span class=&quot;p&quot;&gt;(&lt;/span&gt;&lt;span class=&quot;n&quot;&gt;base&lt;/span&gt;&lt;span class=&quot;p&quot;&gt;,&lt;/span&gt; &lt;span class=&quot;s1&quot;&gt;'_layouts'&lt;/span&gt;&lt;span class=&quot;p&quot;&gt;),&lt;/span&gt; &lt;span class=&quot;s1&quot;&gt;'tag_index.html'&lt;/span&gt;&lt;span class=&quot;p&quot;&gt;)&lt;/span&gt;
      &lt;span class=&quot;nb&quot;&gt;self&lt;/span&gt;&lt;span class=&quot;p&quot;&gt;.&lt;/span&gt;&lt;span class=&quot;nf&quot;&gt;data&lt;/span&gt;&lt;span class=&quot;p&quot;&gt;[&lt;/span&gt;&lt;span class=&quot;s1&quot;&gt;'tag'&lt;/span&gt;&lt;span class=&quot;p&quot;&gt;]&lt;/span&gt; &lt;span class=&quot;o&quot;&gt;=&lt;/span&gt; &lt;span class=&quot;n&quot;&gt;tag&lt;/span&gt;
      &lt;span class=&quot;n&quot;&gt;tag_title_prefix&lt;/span&gt; &lt;span class=&quot;o&quot;&gt;=&lt;/span&gt; &lt;span class=&quot;n&quot;&gt;site&lt;/span&gt;&lt;span class=&quot;p&quot;&gt;.&lt;/span&gt;&lt;span class=&quot;nf&quot;&gt;config&lt;/span&gt;&lt;span class=&quot;p&quot;&gt;[&lt;/span&gt;&lt;span class=&quot;s1&quot;&gt;'tag_title_prefix'&lt;/span&gt;&lt;span class=&quot;p&quot;&gt;]&lt;/span&gt; &lt;span class=&quot;o&quot;&gt;||&lt;/span&gt; &lt;span class=&quot;s1&quot;&gt;'Tagged: '&lt;/span&gt;
      &lt;span class=&quot;n&quot;&gt;tag_title_suffix&lt;/span&gt; &lt;span class=&quot;o&quot;&gt;=&lt;/span&gt; &lt;span class=&quot;n&quot;&gt;site&lt;/span&gt;&lt;span class=&quot;p&quot;&gt;.&lt;/span&gt;&lt;span class=&quot;nf&quot;&gt;config&lt;/span&gt;&lt;span class=&quot;p&quot;&gt;[&lt;/span&gt;&lt;span class=&quot;s1&quot;&gt;'tag_title_suffix'&lt;/span&gt;&lt;span class=&quot;p&quot;&gt;]&lt;/span&gt; &lt;span class=&quot;o&quot;&gt;||&lt;/span&gt; &lt;span class=&quot;s1&quot;&gt;'&amp;amp;#8211;'&lt;/span&gt;
      &lt;span class=&quot;nb&quot;&gt;self&lt;/span&gt;&lt;span class=&quot;p&quot;&gt;.&lt;/span&gt;&lt;span class=&quot;nf&quot;&gt;data&lt;/span&gt;&lt;span class=&quot;p&quot;&gt;[&lt;/span&gt;&lt;span class=&quot;s1&quot;&gt;'title'&lt;/span&gt;&lt;span class=&quot;p&quot;&gt;]&lt;/span&gt; &lt;span class=&quot;o&quot;&gt;=&lt;/span&gt; &lt;span class=&quot;s2&quot;&gt;&quot;&lt;/span&gt;&lt;span class=&quot;si&quot;&gt;#{&lt;/span&gt;&lt;span class=&quot;n&quot;&gt;tag_title_prefix&lt;/span&gt;&lt;span class=&quot;si&quot;&gt;}#{&lt;/span&gt;&lt;span class=&quot;n&quot;&gt;tag&lt;/span&gt;&lt;span class=&quot;si&quot;&gt;}&lt;/span&gt;&lt;span class=&quot;s2&quot;&gt;&quot;&lt;/span&gt;
      &lt;span class=&quot;nb&quot;&gt;self&lt;/span&gt;&lt;span class=&quot;p&quot;&gt;.&lt;/span&gt;&lt;span class=&quot;nf&quot;&gt;data&lt;/span&gt;&lt;span class=&quot;p&quot;&gt;[&lt;/span&gt;&lt;span class=&quot;s1&quot;&gt;'description'&lt;/span&gt;&lt;span class=&quot;p&quot;&gt;]&lt;/span&gt; &lt;span class=&quot;o&quot;&gt;=&lt;/span&gt; &lt;span class=&quot;s2&quot;&gt;&quot;An archive of posts tagged &lt;/span&gt;&lt;span class=&quot;si&quot;&gt;#{&lt;/span&gt;&lt;span class=&quot;n&quot;&gt;tag&lt;/span&gt;&lt;span class=&quot;si&quot;&gt;}&lt;/span&gt;&lt;span class=&quot;s2&quot;&gt;.&quot;&lt;/span&gt;
    &lt;span class=&quot;k&quot;&gt;end&lt;/span&gt;
  &lt;span class=&quot;k&quot;&gt;end&lt;/span&gt;
&lt;span class=&quot;k&quot;&gt;end&lt;/span&gt;
&lt;/code&gt;&lt;/pre&gt;&lt;/div&gt;&lt;/div&gt;

&lt;h3 id=&quot;standard-code-block&quot;&gt;Standard Code Block&lt;/h3&gt;

&lt;div class=&quot;highlighter-rouge&quot;&gt;&lt;div class=&quot;highlight&quot;&gt;&lt;pre class=&quot;highlight&quot;&gt;&lt;code&gt;&amp;lt;nav class=&quot;pagination&quot; role=&quot;navigation&quot;&amp;gt;
    {% if page.previous %}
        &amp;lt;a href=&quot;{{ site.url }}{{ page.previous.url }}&quot; class=&quot;btn&quot; title=&quot;{{ page.previous.title }}&quot;&amp;gt;Previous article&amp;lt;/a&amp;gt;
    {% endif %}
    {% if page.next %}
        &amp;lt;a href=&quot;{{ site.url }}{{ page.next.url }}&quot; class=&quot;btn&quot; title=&quot;{{ page.next.title }}&quot;&amp;gt;Next article&amp;lt;/a&amp;gt;
    {% endif %}
&amp;lt;/nav&amp;gt;&amp;lt;!-- /.pagination --&amp;gt;
&lt;/code&gt;&lt;/pre&gt;&lt;/div&gt;&lt;/div&gt;

&lt;h3 id=&quot;fenced-code-blocks&quot;&gt;Fenced Code Blocks&lt;/h3&gt;

&lt;div class=&quot;language-css highlighter-rouge&quot;&gt;&lt;div class=&quot;highlight&quot;&gt;&lt;pre class=&quot;highlight&quot;&gt;&lt;code&gt;&lt;span class=&quot;nf&quot;&gt;#container&lt;/span&gt; &lt;span class=&quot;p&quot;&gt;{&lt;/span&gt;
    &lt;span class=&quot;nl&quot;&gt;float&lt;/span&gt;&lt;span class=&quot;p&quot;&gt;:&lt;/span&gt; &lt;span class=&quot;nb&quot;&gt;left&lt;/span&gt;&lt;span class=&quot;p&quot;&gt;;&lt;/span&gt;
    &lt;span class=&quot;nl&quot;&gt;margin&lt;/span&gt;&lt;span class=&quot;p&quot;&gt;:&lt;/span&gt; &lt;span class=&quot;m&quot;&gt;0&lt;/span&gt; &lt;span class=&quot;m&quot;&gt;-240px&lt;/span&gt; &lt;span class=&quot;m&quot;&gt;0&lt;/span&gt; &lt;span class=&quot;m&quot;&gt;0&lt;/span&gt;&lt;span class=&quot;p&quot;&gt;;&lt;/span&gt;
    &lt;span class=&quot;nl&quot;&gt;width&lt;/span&gt;&lt;span class=&quot;p&quot;&gt;:&lt;/span&gt; &lt;span class=&quot;m&quot;&gt;100%&lt;/span&gt;&lt;span class=&quot;p&quot;&gt;;&lt;/span&gt;
&lt;span class=&quot;p&quot;&gt;}&lt;/span&gt;
&lt;/code&gt;&lt;/pre&gt;&lt;/div&gt;&lt;/div&gt;

&lt;div class=&quot;language-html highlighter-rouge&quot;&gt;&lt;div class=&quot;highlight&quot;&gt;&lt;pre class=&quot;highlight&quot;&gt;&lt;code&gt;&lt;span class=&quot;nt&quot;&gt;&amp;lt;nav&lt;/span&gt; &lt;span class=&quot;na&quot;&gt;class=&lt;/span&gt;&lt;span class=&quot;s&quot;&gt;&quot;pagination&quot;&lt;/span&gt; &lt;span class=&quot;na&quot;&gt;role=&lt;/span&gt;&lt;span class=&quot;s&quot;&gt;&quot;navigation&quot;&lt;/span&gt;&lt;span class=&quot;nt&quot;&gt;&amp;gt;&lt;/span&gt;
    {% if page.previous %}
        &lt;span class=&quot;nt&quot;&gt;&amp;lt;a&lt;/span&gt; &lt;span class=&quot;na&quot;&gt;href=&lt;/span&gt;&lt;span class=&quot;s&quot;&gt;&quot;{{ site.url }}{{ page.previous.url }}&quot;&lt;/span&gt; &lt;span class=&quot;na&quot;&gt;class=&lt;/span&gt;&lt;span class=&quot;s&quot;&gt;&quot;btn&quot;&lt;/span&gt; &lt;span class=&quot;na&quot;&gt;title=&lt;/span&gt;&lt;span class=&quot;s&quot;&gt;&quot;{{ page.previous.title }}&quot;&lt;/span&gt;&lt;span class=&quot;nt&quot;&gt;&amp;gt;&lt;/span&gt;Previous article&lt;span class=&quot;nt&quot;&gt;&amp;lt;/a&amp;gt;&lt;/span&gt;
    {% endif %}
    {% if page.next %}
        &lt;span class=&quot;nt&quot;&gt;&amp;lt;a&lt;/span&gt; &lt;span class=&quot;na&quot;&gt;href=&lt;/span&gt;&lt;span class=&quot;s&quot;&gt;&quot;{{ site.url }}{{ page.next.url }}&quot;&lt;/span&gt; &lt;span class=&quot;na&quot;&gt;class=&lt;/span&gt;&lt;span class=&quot;s&quot;&gt;&quot;btn&quot;&lt;/span&gt; &lt;span class=&quot;na&quot;&gt;title=&lt;/span&gt;&lt;span class=&quot;s&quot;&gt;&quot;{{ page.next.title }}&quot;&lt;/span&gt;&lt;span class=&quot;nt&quot;&gt;&amp;gt;&lt;/span&gt;Next article&lt;span class=&quot;nt&quot;&gt;&amp;lt;/a&amp;gt;&lt;/span&gt;
    {% endif %}
&lt;span class=&quot;nt&quot;&gt;&amp;lt;/nav&amp;gt;&lt;/span&gt;&lt;span class=&quot;c&quot;&gt;&amp;lt;!-- /.pagination --&amp;gt;&lt;/span&gt;
&lt;/code&gt;&lt;/pre&gt;&lt;/div&gt;&lt;/div&gt;

&lt;div class=&quot;language-ruby highlighter-rouge&quot;&gt;&lt;div class=&quot;highlight&quot;&gt;&lt;pre class=&quot;highlight&quot;&gt;&lt;code&gt;&lt;span class=&quot;k&quot;&gt;module&lt;/span&gt; &lt;span class=&quot;nn&quot;&gt;Jekyll&lt;/span&gt;
  &lt;span class=&quot;k&quot;&gt;class&lt;/span&gt; &lt;span class=&quot;nc&quot;&gt;TagIndex&lt;/span&gt; &lt;span class=&quot;o&quot;&gt;&amp;lt;&lt;/span&gt; &lt;span class=&quot;no&quot;&gt;Page&lt;/span&gt;
    &lt;span class=&quot;k&quot;&gt;def&lt;/span&gt; &lt;span class=&quot;nf&quot;&gt;initialize&lt;/span&gt;&lt;span class=&quot;p&quot;&gt;(&lt;/span&gt;&lt;span class=&quot;n&quot;&gt;site&lt;/span&gt;&lt;span class=&quot;p&quot;&gt;,&lt;/span&gt; &lt;span class=&quot;n&quot;&gt;base&lt;/span&gt;&lt;span class=&quot;p&quot;&gt;,&lt;/span&gt; &lt;span class=&quot;n&quot;&gt;dir&lt;/span&gt;&lt;span class=&quot;p&quot;&gt;,&lt;/span&gt; &lt;span class=&quot;n&quot;&gt;tag&lt;/span&gt;&lt;span class=&quot;p&quot;&gt;)&lt;/span&gt;
      &lt;span class=&quot;vi&quot;&gt;@site&lt;/span&gt; &lt;span class=&quot;o&quot;&gt;=&lt;/span&gt; &lt;span class=&quot;n&quot;&gt;site&lt;/span&gt;
      &lt;span class=&quot;vi&quot;&gt;@base&lt;/span&gt; &lt;span class=&quot;o&quot;&gt;=&lt;/span&gt; &lt;span class=&quot;n&quot;&gt;base&lt;/span&gt;
      &lt;span class=&quot;vi&quot;&gt;@dir&lt;/span&gt; &lt;span class=&quot;o&quot;&gt;=&lt;/span&gt; &lt;span class=&quot;n&quot;&gt;dir&lt;/span&gt;
      &lt;span class=&quot;vi&quot;&gt;@name&lt;/span&gt; &lt;span class=&quot;o&quot;&gt;=&lt;/span&gt; &lt;span class=&quot;s1&quot;&gt;'index.html'&lt;/span&gt;
      &lt;span class=&quot;nb&quot;&gt;self&lt;/span&gt;&lt;span class=&quot;p&quot;&gt;.&lt;/span&gt;&lt;span class=&quot;nf&quot;&gt;process&lt;/span&gt;&lt;span class=&quot;p&quot;&gt;(&lt;/span&gt;&lt;span class=&quot;vi&quot;&gt;@name&lt;/span&gt;&lt;span class=&quot;p&quot;&gt;)&lt;/span&gt;
      &lt;span class=&quot;nb&quot;&gt;self&lt;/span&gt;&lt;span class=&quot;p&quot;&gt;.&lt;/span&gt;&lt;span class=&quot;nf&quot;&gt;read_yaml&lt;/span&gt;&lt;span class=&quot;p&quot;&gt;(&lt;/span&gt;&lt;span class=&quot;no&quot;&gt;File&lt;/span&gt;&lt;span class=&quot;p&quot;&gt;.&lt;/span&gt;&lt;span class=&quot;nf&quot;&gt;join&lt;/span&gt;&lt;span class=&quot;p&quot;&gt;(&lt;/span&gt;&lt;span class=&quot;n&quot;&gt;base&lt;/span&gt;&lt;span class=&quot;p&quot;&gt;,&lt;/span&gt; &lt;span class=&quot;s1&quot;&gt;'_layouts'&lt;/span&gt;&lt;span class=&quot;p&quot;&gt;),&lt;/span&gt; &lt;span class=&quot;s1&quot;&gt;'tag_index.html'&lt;/span&gt;&lt;span class=&quot;p&quot;&gt;)&lt;/span&gt;
      &lt;span class=&quot;nb&quot;&gt;self&lt;/span&gt;&lt;span class=&quot;p&quot;&gt;.&lt;/span&gt;&lt;span class=&quot;nf&quot;&gt;data&lt;/span&gt;&lt;span class=&quot;p&quot;&gt;[&lt;/span&gt;&lt;span class=&quot;s1&quot;&gt;'tag'&lt;/span&gt;&lt;span class=&quot;p&quot;&gt;]&lt;/span&gt; &lt;span class=&quot;o&quot;&gt;=&lt;/span&gt; &lt;span class=&quot;n&quot;&gt;tag&lt;/span&gt;
      &lt;span class=&quot;n&quot;&gt;tag_title_prefix&lt;/span&gt; &lt;span class=&quot;o&quot;&gt;=&lt;/span&gt; &lt;span class=&quot;n&quot;&gt;site&lt;/span&gt;&lt;span class=&quot;p&quot;&gt;.&lt;/span&gt;&lt;span class=&quot;nf&quot;&gt;config&lt;/span&gt;&lt;span class=&quot;p&quot;&gt;[&lt;/span&gt;&lt;span class=&quot;s1&quot;&gt;'tag_title_prefix'&lt;/span&gt;&lt;span class=&quot;p&quot;&gt;]&lt;/span&gt; &lt;span class=&quot;o&quot;&gt;||&lt;/span&gt; &lt;span class=&quot;s1&quot;&gt;'Tagged: '&lt;/span&gt;
      &lt;span class=&quot;n&quot;&gt;tag_title_suffix&lt;/span&gt; &lt;span class=&quot;o&quot;&gt;=&lt;/span&gt; &lt;span class=&quot;n&quot;&gt;site&lt;/span&gt;&lt;span class=&quot;p&quot;&gt;.&lt;/span&gt;&lt;span class=&quot;nf&quot;&gt;config&lt;/span&gt;&lt;span class=&quot;p&quot;&gt;[&lt;/span&gt;&lt;span class=&quot;s1&quot;&gt;'tag_title_suffix'&lt;/span&gt;&lt;span class=&quot;p&quot;&gt;]&lt;/span&gt; &lt;span class=&quot;o&quot;&gt;||&lt;/span&gt; &lt;span class=&quot;s1&quot;&gt;'&amp;amp;#8211;'&lt;/span&gt;
      &lt;span class=&quot;nb&quot;&gt;self&lt;/span&gt;&lt;span class=&quot;p&quot;&gt;.&lt;/span&gt;&lt;span class=&quot;nf&quot;&gt;data&lt;/span&gt;&lt;span class=&quot;p&quot;&gt;[&lt;/span&gt;&lt;span class=&quot;s1&quot;&gt;'title'&lt;/span&gt;&lt;span class=&quot;p&quot;&gt;]&lt;/span&gt; &lt;span class=&quot;o&quot;&gt;=&lt;/span&gt; &lt;span class=&quot;s2&quot;&gt;&quot;&lt;/span&gt;&lt;span class=&quot;si&quot;&gt;#{&lt;/span&gt;&lt;span class=&quot;n&quot;&gt;tag_title_prefix&lt;/span&gt;&lt;span class=&quot;si&quot;&gt;}#{&lt;/span&gt;&lt;span class=&quot;n&quot;&gt;tag&lt;/span&gt;&lt;span class=&quot;si&quot;&gt;}&lt;/span&gt;&lt;span class=&quot;s2&quot;&gt;&quot;&lt;/span&gt;
      &lt;span class=&quot;nb&quot;&gt;self&lt;/span&gt;&lt;span class=&quot;p&quot;&gt;.&lt;/span&gt;&lt;span class=&quot;nf&quot;&gt;data&lt;/span&gt;&lt;span class=&quot;p&quot;&gt;[&lt;/span&gt;&lt;span class=&quot;s1&quot;&gt;'description'&lt;/span&gt;&lt;span class=&quot;p&quot;&gt;]&lt;/span&gt; &lt;span class=&quot;o&quot;&gt;=&lt;/span&gt; &lt;span class=&quot;s2&quot;&gt;&quot;An archive of posts tagged &lt;/span&gt;&lt;span class=&quot;si&quot;&gt;#{&lt;/span&gt;&lt;span class=&quot;n&quot;&gt;tag&lt;/span&gt;&lt;span class=&quot;si&quot;&gt;}&lt;/span&gt;&lt;span class=&quot;s2&quot;&gt;.&quot;&lt;/span&gt;
    &lt;span class=&quot;k&quot;&gt;end&lt;/span&gt;
  &lt;span class=&quot;k&quot;&gt;end&lt;/span&gt;
&lt;span class=&quot;k&quot;&gt;end&lt;/span&gt;
&lt;/code&gt;&lt;/pre&gt;&lt;/div&gt;&lt;/div&gt;

&lt;h3 id=&quot;github-gist-embed&quot;&gt;GitHub Gist Embed&lt;/h3&gt;

&lt;p&gt;An example of a Gist embed below.&lt;/p&gt;

&lt;noscript&gt;&lt;pre&gt;404: Not Found&lt;/pre&gt;&lt;/noscript&gt;
&lt;script src=&quot;https://gist.github.com/mmistakes/6589546.js&quot;&gt; &lt;/script&gt;

&lt;noscript&gt;&lt;pre&gt;400: Invalid request&lt;/pre&gt;&lt;/noscript&gt;
&lt;script src=&quot;https://gist.github.com/8531391.js&quot;&gt; &lt;/script&gt;</content><author><name></name></author><summary type="html">Demo post to test the various ways of using syntax highlighting.</summary><media:thumbnail xmlns:media="http://search.yahoo.com/mrss/" url="/%7B%22feature%22=%3Enil,%20%22teaser%22=%3Enil,%20%22thumb%22=%3Enil%7D" /><media:content medium="image" url="/%7B%22feature%22=%3Enil,%20%22teaser%22=%3Enil,%20%22thumb%22=%3Enil%7D" xmlns:media="http://search.yahoo.com/mrss/" /></entry><entry><title type="html">Author Override</title><link href="/articles/author-override/" rel="alternate" type="text/html" title="Author Override" /><published>2014-06-23T15:19:16-05:00</published><updated>2014-06-23T15:19:16-05:00</updated><id>/articles/author-override</id><content type="html" xml:base="/articles/author-override/">&lt;p&gt;For those of you who may have content written by multiple authors on your site you can assign different authors to each post if desired.&lt;/p&gt;

&lt;p&gt;Traditionally you would assign a global author for the entire site and those attributes would be used in all post bylines, social networking links in the footer, Twitter Cards, and Google Authorship. These &lt;code class=&quot;highlighter-rouge&quot;&gt;owner&lt;/code&gt; variables defined in your &lt;code class=&quot;highlighter-rouge&quot;&gt;config.yml&lt;/code&gt;&lt;/p&gt;

&lt;p&gt;Start by creating an &lt;code class=&quot;highlighter-rouge&quot;&gt;authors.yml&lt;/code&gt; file in the &lt;code class=&quot;highlighter-rouge&quot;&gt;_data&lt;/code&gt; folder and add your authors using the following format.&lt;/p&gt;

&lt;div class=&quot;language-yaml highlighter-rouge&quot;&gt;&lt;div class=&quot;highlight&quot;&gt;&lt;pre class=&quot;highlight&quot;&gt;&lt;code&gt;&lt;span class=&quot;c1&quot;&gt;# Authors&lt;/span&gt;

&lt;span class=&quot;na&quot;&gt;billy_rick&lt;/span&gt;&lt;span class=&quot;pi&quot;&gt;:&lt;/span&gt;
  &lt;span class=&quot;na&quot;&gt;name&lt;/span&gt;&lt;span class=&quot;pi&quot;&gt;:&lt;/span&gt; &lt;span class=&quot;s&quot;&gt;Billy Rick&lt;/span&gt;
  &lt;span class=&quot;na&quot;&gt;web&lt;/span&gt;&lt;span class=&quot;pi&quot;&gt;:&lt;/span&gt; &lt;span class=&quot;s&quot;&gt;http://thewhip.com&lt;/span&gt;
  &lt;span class=&quot;na&quot;&gt;email&lt;/span&gt;&lt;span class=&quot;pi&quot;&gt;:&lt;/span&gt; &lt;span class=&quot;s&quot;&gt;billy@rick.com&lt;/span&gt;
  &lt;span class=&quot;na&quot;&gt;bio&lt;/span&gt;&lt;span class=&quot;pi&quot;&gt;:&lt;/span&gt; &lt;span class=&quot;s2&quot;&gt;&quot;&lt;/span&gt;&lt;span class=&quot;s&quot;&gt;What&lt;/span&gt;&lt;span class=&quot;nv&quot;&gt; &lt;/span&gt;&lt;span class=&quot;s&quot;&gt;do&lt;/span&gt;&lt;span class=&quot;nv&quot;&gt; &lt;/span&gt;&lt;span class=&quot;s&quot;&gt;you&lt;/span&gt;&lt;span class=&quot;nv&quot;&gt; &lt;/span&gt;&lt;span class=&quot;s&quot;&gt;want,&lt;/span&gt;&lt;span class=&quot;nv&quot;&gt; &lt;/span&gt;&lt;span class=&quot;s&quot;&gt;jewels?&lt;/span&gt;&lt;span class=&quot;nv&quot;&gt; &lt;/span&gt;&lt;span class=&quot;s&quot;&gt;I&lt;/span&gt;&lt;span class=&quot;nv&quot;&gt; &lt;/span&gt;&lt;span class=&quot;s&quot;&gt;am&lt;/span&gt;&lt;span class=&quot;nv&quot;&gt; &lt;/span&gt;&lt;span class=&quot;s&quot;&gt;a&lt;/span&gt;&lt;span class=&quot;nv&quot;&gt; &lt;/span&gt;&lt;span class=&quot;s&quot;&gt;very&lt;/span&gt;&lt;span class=&quot;nv&quot;&gt; &lt;/span&gt;&lt;span class=&quot;s&quot;&gt;extravagant&lt;/span&gt;&lt;span class=&quot;nv&quot;&gt; &lt;/span&gt;&lt;span class=&quot;s&quot;&gt;man.&quot;&lt;/span&gt;
  &lt;span class=&quot;na&quot;&gt;avatar&lt;/span&gt;&lt;span class=&quot;pi&quot;&gt;:&lt;/span&gt; &lt;span class=&quot;s&quot;&gt;bio-photo.jpg&lt;/span&gt;
  &lt;span class=&quot;na&quot;&gt;twitter&lt;/span&gt;&lt;span class=&quot;pi&quot;&gt;:&lt;/span&gt; &lt;span class=&quot;s&quot;&gt;extravagantman&lt;/span&gt;

&lt;span class=&quot;na&quot;&gt;cornelius_fiddlebone&lt;/span&gt;&lt;span class=&quot;pi&quot;&gt;:&lt;/span&gt;
  &lt;span class=&quot;na&quot;&gt;name&lt;/span&gt;&lt;span class=&quot;pi&quot;&gt;:&lt;/span&gt; &lt;span class=&quot;s&quot;&gt;Cornelius Fiddlebone&lt;/span&gt;
  &lt;span class=&quot;na&quot;&gt;email&lt;/span&gt;&lt;span class=&quot;pi&quot;&gt;:&lt;/span&gt; &lt;span class=&quot;s&quot;&gt;cornelius@thewhip.com&lt;/span&gt;
  &lt;span class=&quot;na&quot;&gt;bio&lt;/span&gt;&lt;span class=&quot;pi&quot;&gt;:&lt;/span&gt; &lt;span class=&quot;s2&quot;&gt;&quot;&lt;/span&gt;&lt;span class=&quot;s&quot;&gt;I&lt;/span&gt;&lt;span class=&quot;nv&quot;&gt; &lt;/span&gt;&lt;span class=&quot;s&quot;&gt;ordered&lt;/span&gt;&lt;span class=&quot;nv&quot;&gt; &lt;/span&gt;&lt;span class=&quot;s&quot;&gt;what?&quot;&lt;/span&gt;
  &lt;span class=&quot;na&quot;&gt;avatar&lt;/span&gt;&lt;span class=&quot;pi&quot;&gt;:&lt;/span&gt; &lt;span class=&quot;s&quot;&gt;bio-photo.jpg&lt;/span&gt;
  &lt;span class=&quot;na&quot;&gt;twitter&lt;/span&gt;&lt;span class=&quot;pi&quot;&gt;:&lt;/span&gt; &lt;span class=&quot;s&quot;&gt;rhymeswithsackit&lt;/span&gt;
&lt;/code&gt;&lt;/pre&gt;&lt;/div&gt;&lt;/div&gt;

&lt;p&gt;To assign Billy Rick as an author for our post. We’d add the following YAML front matter to a post:&lt;/p&gt;

&lt;div class=&quot;language-yaml highlighter-rouge&quot;&gt;&lt;div class=&quot;highlight&quot;&gt;&lt;pre class=&quot;highlight&quot;&gt;&lt;code&gt;&lt;span class=&quot;na&quot;&gt;author&lt;/span&gt;&lt;span class=&quot;pi&quot;&gt;:&lt;/span&gt; &lt;span class=&quot;s&quot;&gt;billy_rick&lt;/span&gt;
&lt;/code&gt;&lt;/pre&gt;&lt;/div&gt;&lt;/div&gt;</content><author><name>Billy Rick</name><email>billy@rick.com</email></author><summary type="html">A post to test author overrides using a data file.</summary><media:thumbnail xmlns:media="http://search.yahoo.com/mrss/" url="/%7B%22feature%22=%3Enil,%20%22teaser%22=%3Enil,%20%22thumb%22=%3Enil%7D" /><media:content medium="image" url="/%7B%22feature%22=%3Enil,%20%22teaser%22=%3Enil,%20%22thumb%22=%3Enil%7D" xmlns:media="http://search.yahoo.com/mrss/" /></entry><entry><title type="html">Video Post Test</title><link href="/articles/video-post-test/" rel="alternate" type="text/html" title="Video Post Test" /><published>2014-05-31T22:14:02-05:00</published><updated>2014-05-31T22:14:02-05:00</updated><id>/articles/video-post-test</id><content type="html" xml:base="/articles/video-post-test/">&lt;p&gt;Here’s a sample video to test FitVid.js&lt;/p&gt;

&lt;p&gt;If this is working correctly the video should fill the main content container.&lt;/p&gt;

&lt;iframe width=&quot;560&quot; height=&quot;315&quot; src=&quot;//www.youtube.com/embed/9e1nPyHXCFQ&quot; frameborder=&quot;0&quot;&gt; &lt;/iframe&gt;</content><author><name></name></author><category term="video" /><summary type="html">A post with a YouTube video.</summary><media:thumbnail xmlns:media="http://search.yahoo.com/mrss/" url="/%7B%22feature%22=%3Enil,%20%22teaser%22=%3Enil%7D" /><media:content medium="image" url="/%7B%22feature%22=%3Enil,%20%22teaser%22=%3Enil%7D" xmlns:media="http://search.yahoo.com/mrss/" /></entry><entry><title type="html">Image Grids</title><link href="/articles/image-grids/" rel="alternate" type="text/html" title="Image Grids" /><published>2014-05-30T10:51:25-05:00</published><updated>2014-05-30T10:51:25-05:00</updated><id>/articles/image-grids</id><content type="html" xml:base="/articles/image-grids/">&lt;p&gt;This is a post to test image grids.&lt;/p&gt;

&lt;ul class=&quot;th-grid&quot;&gt;
  &lt;li&gt;
    &lt;a href=&quot;#&quot;&gt;&lt;img src=&quot;http://placehold.it/150x150.gif&quot; alt=&quot;&quot; /&gt;&lt;/a&gt;
  &lt;/li&gt;
  &lt;li&gt;
    &lt;a href=&quot;#&quot;&gt;&lt;img src=&quot;http://placehold.it/150x150.gif&quot; alt=&quot;&quot; /&gt;&lt;/a&gt;
  &lt;/li&gt;
  &lt;li&gt;
    &lt;a href=&quot;#&quot;&gt;&lt;img src=&quot;http://placehold.it/150x150.gif&quot; alt=&quot;&quot; /&gt;&lt;/a&gt;
  &lt;/li&gt;
  &lt;li&gt;
    &lt;a href=&quot;#&quot;&gt;&lt;img src=&quot;http://placehold.it/150x150.gif&quot; alt=&quot;&quot; /&gt;&lt;/a&gt;
  &lt;/li&gt;
  &lt;li&gt;
    &lt;a href=&quot;#&quot;&gt;&lt;img src=&quot;http://placehold.it/150x150.gif&quot; alt=&quot;&quot; /&gt;&lt;/a&gt;
  &lt;/li&gt;
  &lt;li&gt;
    &lt;a href=&quot;#&quot;&gt;&lt;img src=&quot;http://placehold.it/150x150.gif&quot; alt=&quot;&quot; /&gt;&lt;/a&gt;
  &lt;/li&gt;
  &lt;li&gt;
    &lt;a href=&quot;#&quot;&gt;&lt;img src=&quot;http://placehold.it/150x150.gif&quot; alt=&quot;&quot; /&gt;&lt;/a&gt;
  &lt;/li&gt;
  &lt;li&gt;
    &lt;a href=&quot;#&quot;&gt;&lt;img src=&quot;http://placehold.it/150x150.gif&quot; alt=&quot;&quot; /&gt;&lt;/a&gt;
  &lt;/li&gt;
  &lt;li&gt;
    &lt;a href=&quot;#&quot;&gt;&lt;img src=&quot;http://placehold.it/150x150.gif&quot; alt=&quot;&quot; /&gt;&lt;/a&gt;
  &lt;/li&gt;
  &lt;li&gt;
    &lt;a href=&quot;#&quot;&gt;&lt;img src=&quot;http://placehold.it/150x150.gif&quot; alt=&quot;&quot; /&gt;&lt;/a&gt;
  &lt;/li&gt;
  &lt;li&gt;
    &lt;a href=&quot;#&quot;&gt;&lt;img src=&quot;http://placehold.it/150x150.gif&quot; alt=&quot;&quot; /&gt;&lt;/a&gt;
  &lt;/li&gt;
  &lt;li&gt;
    &lt;a href=&quot;#&quot;&gt;&lt;img src=&quot;http://placehold.it/150x150.gif&quot; alt=&quot;&quot; /&gt;&lt;/a&gt;
  &lt;/li&gt;
  &lt;li&gt;
    &lt;a href=&quot;#&quot;&gt;&lt;img src=&quot;http://placehold.it/150x150.gif&quot; alt=&quot;&quot; /&gt;&lt;/a&gt;
  &lt;/li&gt;
  &lt;li&gt;
    &lt;a href=&quot;#&quot;&gt;&lt;img src=&quot;http://placehold.it/150x150.gif&quot; alt=&quot;&quot; /&gt;&lt;/a&gt;
  &lt;/li&gt;
  &lt;li&gt;
    &lt;a href=&quot;#&quot;&gt;&lt;img src=&quot;http://placehold.it/150x150.gif&quot; alt=&quot;&quot; /&gt;&lt;/a&gt;
  &lt;/li&gt;
  &lt;li&gt;
    &lt;a href=&quot;#&quot;&gt;&lt;img src=&quot;http://placehold.it/150x150.gif&quot; alt=&quot;&quot; /&gt;&lt;/a&gt;
  &lt;/li&gt;
&lt;/ul&gt;</content><author><name></name></author><summary type="html">Demoing the various thumbnail grid styles.</summary><media:thumbnail xmlns:media="http://search.yahoo.com/mrss/" url="/%7B%22feature%22=%3Enil,%20%22teaser%22=%3Enil%7D" /><media:content medium="image" url="/%7B%22feature%22=%3Enil,%20%22teaser%22=%3Enil%7D" xmlns:media="http://search.yahoo.com/mrss/" /></entry><entry><title type="html">Another Media Post with Large Feature Image</title><link href="/media/another-sample-media-page/" rel="alternate" type="text/html" title="Another Media Post with Large Feature Image" /><published>2014-05-10T00:00:00-05:00</published><updated>2014-05-10T00:00:00-05:00</updated><id>/media/another-sample-media-page</id><content type="html" xml:base="/media/another-sample-media-page/">&lt;p&gt;This is a sample media post with a large feature image up top and tons of text. Odio ad blue bottle vinyl, 90’s narwhal commodo bitters pour-over nostrud. Ugh est hashtag in, fingerstache adipisicing laboris esse Pinterest shabby chic Portland. Shoreditch bicycle rights anim, flexitarian laboris put a bird on it vinyl cupidatat narwhal. Hashtag artisan skateboard, flannel Bushwick nesciunt salvia aute fixie do plaid post-ironic dolor McSweeney’s. Cliche pour-over chambray nulla four loko skateboard sapiente hashtag.&lt;/p&gt;

&lt;h2 id=&quot;thundercats-ho&quot;&gt;Thundercats Ho!&lt;/h2&gt;

&lt;p&gt;Fingerstache thundercats Williamsburg, deep v scenester Banksy ennui vinyl selfies mollit biodiesel duis odio pop-up. Banksy 3 wolf moon try-hard, sapiente enim stumptown deep v ad letterpress. Squid beard brunch, exercitation raw denim yr sint direct trade. Raw denim narwhal id, flannel DIY McSweeney’s seitan. Letterpress artisan bespoke accusamus, meggings laboris consequat Truffaut qui in seitan. Sustainable cornhole Schlitz, twee Cosby sweater banh mi deep v forage letterpress flannel whatever keffiyeh. Sartorial cred irure, semiotics ethical sed blue bottle nihil letterpress.&lt;/p&gt;

&lt;h2 id=&quot;tools-used&quot;&gt;Tools Used&lt;/h2&gt;

&lt;p&gt;Occupy et selvage squid, pug brunch blog nesciunt hashtag mumblecore skateboard yr kogi. Ugh small batch swag four loko. Fap post-ironic qui tote bag farm-to-table american apparel scenester keffiyeh vero, swag non pour-over gentrify authentic pitchfork. Schlitz scenester lo-fi voluptate, tote bag irony bicycle rights pariatur vero Vice freegan wayfarers exercitation nisi shoreditch. Chambray tofu vero sed. Street art swag literally leggings, Cosby sweater mixtape PBR lomo Banksy non in pitchfork ennui McSweeney’s selfies. Odd Future Banksy non authentic.&lt;/p&gt;

&lt;p&gt;Aliquip enim artisan dolor post-ironic. Pug tote bag Marfa, deserunt pour-over Portland wolf eu odio intelligentsia american apparel ugh ea. Sunt viral et, 3 wolf moon gastropub pug id. Id fashion axe est typewriter, mlkshk Portland art party aute brunch. Sint pork belly Cosby sweater, deep v mumblecore kitsch american apparel. Try-hard direct trade tumblr sint skateboard. Adipisicing bitters excepteur biodiesel, pickled gastropub aute veniam.&lt;/p&gt;</content><author><name></name></author><summary type="html">Custom written post descriptions are the way to go... if you're not lazy.</summary><media:thumbnail xmlns:media="http://search.yahoo.com/mrss/" url="/branch-1600x800.jpg" /><media:content medium="image" url="/branch-1600x800.jpg" xmlns:media="http://search.yahoo.com/mrss/" /></entry><entry><title type="html">টেন্সরফ্লো দিয়ে সহজ বাংলায় ‘বাংলা’ ন্যাচারাল ল্যাঙ্গুয়েজ প্রসেসিং (এনএলপি)</title><link href="/articles/welcome-to-jekyll/" rel="alternate" type="text/html" title="টেন্সরফ্লো দিয়ে সহজ বাংলায় ‘বাংলা’ ন্যাচারাল ল্যাঙ্গুয়েজ প্রসেসিং (এনএলপি)" /><published>2014-02-17T00:00:00-06:00</published><updated>2014-02-17T00:00:00-06:00</updated><id>/articles/welcome-to-jekyll</id><content type="html" xml:base="/articles/welcome-to-jekyll/">&lt;p&gt;টেন্সরফ্লো দিয়ে সহজ বাংলায় ‘বাংলা’ ন্যাচারাল ল্যাঙ্গুয়েজ প্রসেসিং (এনএলপি)&lt;/p&gt;

&lt;p&gt;বইটা লিখতে চেয়েছিলাম সামনের বছর। তবে, এই ৫০ বছর বয়সে সময় পাওয়া দুস্কর। তবে, লকডাউনের সুবিধা নিয়ে এই বইটায় হাত দেয়া।&lt;/p&gt;

&lt;p&gt;[ আমি বই লিখি না, বরং ৫০ বছরের এক্সপেরিয়েন্স শেয়ার করি] কিছুটা কানেক্টিং দ্য ডটের মতো।&lt;/p&gt;

&lt;p&gt;এই নোটবুকগুলো একটা বইয়ে দাড়িয়ে যাবে। ভিডিও/অডিও পডকাস্ট পাবেন;&lt;/p&gt;

&lt;nav class=&quot;toc&quot;&gt;
&lt;ul id=&quot;markdown-toc&quot;&gt;
  &lt;li&gt;&lt;a href=&quot;#sample-heading&quot; id=&quot;markdown-toc-sample-heading&quot;&gt;Sample Heading&lt;/a&gt;&lt;/li&gt;
&lt;/ul&gt;

&lt;/nav&gt;

&lt;h2 id=&quot;sample-heading&quot;&gt;Sample Heading&lt;/h2&gt;

&lt;h3 id=&quot;sample-heading-2&quot;&gt;Sample Heading 2&lt;/h3&gt;

&lt;p&gt;Jekyll also offers powerful support for code snippets:&lt;/p&gt;

&lt;div class=&quot;language-ruby highlighter-rouge&quot;&gt;&lt;div class=&quot;highlight&quot;&gt;&lt;pre class=&quot;highlight&quot;&gt;&lt;code&gt;&lt;span class=&quot;k&quot;&gt;def&lt;/span&gt; &lt;span class=&quot;nf&quot;&gt;print_hi&lt;/span&gt;&lt;span class=&quot;p&quot;&gt;(&lt;/span&gt;&lt;span class=&quot;nb&quot;&gt;name&lt;/span&gt;&lt;span class=&quot;p&quot;&gt;)&lt;/span&gt;
  &lt;span class=&quot;nb&quot;&gt;puts&lt;/span&gt; &lt;span class=&quot;s2&quot;&gt;&quot;Hi, &lt;/span&gt;&lt;span class=&quot;si&quot;&gt;#{&lt;/span&gt;&lt;span class=&quot;nb&quot;&gt;name&lt;/span&gt;&lt;span class=&quot;si&quot;&gt;}&lt;/span&gt;&lt;span class=&quot;s2&quot;&gt;&quot;&lt;/span&gt;
&lt;span class=&quot;k&quot;&gt;end&lt;/span&gt;
&lt;span class=&quot;n&quot;&gt;print_hi&lt;/span&gt;&lt;span class=&quot;p&quot;&gt;(&lt;/span&gt;&lt;span class=&quot;s1&quot;&gt;'Tom'&lt;/span&gt;&lt;span class=&quot;p&quot;&gt;)&lt;/span&gt;
&lt;span class=&quot;c1&quot;&gt;#=&amp;gt; prints 'Hi, Tom' to STDOUT.&lt;/span&gt;
&lt;/code&gt;&lt;/pre&gt;&lt;/div&gt;&lt;/div&gt;

&lt;p&gt;Check out the &lt;a href=&quot;http://jekyllrb.com&quot;&gt;Jekyll docs&lt;/a&gt; for more info on how to get the most out of Jekyll. File all bugs/feature requests at &lt;a href=&quot;https://github.com/jekyll/jekyll&quot;&gt;Jekyll’s GitHub repo&lt;/a&gt;.&lt;/p&gt;</content><author><name></name></author><summary type="html">টেন্সরফ্লো দিয়ে সহজ বাংলায় ‘বাংলা’ ন্যাচারাল ল্যাঙ্গুয়েজ প্রসেসিং (এনএলপি)</summary></entry><entry><title type="html">Media Post with Large Feature Image</title><link href="/media/sample-media-page/" rel="alternate" type="text/html" title="Media Post with Large Feature Image" /><published>2014-02-03T00:00:00-06:00</published><updated>2014-02-03T00:00:00-06:00</updated><id>/media/sample-media-page</id><content type="html" xml:base="/media/sample-media-page/">&lt;p&gt;This is a sample media post with a large feature image up top and tons of text. Odio ad blue bottle vinyl, 90’s narwhal commodo bitters pour-over nostrud. Ugh est hashtag in, fingerstache adipisicing laboris esse Pinterest shabby chic Portland. Shoreditch bicycle rights anim, flexitarian laboris put a bird on it vinyl cupidatat narwhal. Hashtag artisan skateboard, flannel Bushwick nesciunt salvia aute fixie do plaid post-ironic dolor McSweeney’s. Cliche pour-over chambray nulla four loko skateboard sapiente hashtag.&lt;/p&gt;

&lt;h3 id=&quot;thundercats-ho&quot;&gt;Thundercats Ho!&lt;/h3&gt;

&lt;p&gt;Fingerstache thundercats Williamsburg, deep v scenester Banksy ennui vinyl selfies mollit biodiesel duis odio pop-up. Banksy 3 wolf moon try-hard, sapiente enim stumptown deep v ad letterpress. Squid beard brunch, exercitation raw denim yr sint direct trade. Raw denim narwhal id, flannel DIY McSweeney’s seitan. Letterpress artisan bespoke accusamus, meggings laboris consequat Truffaut qui in seitan. Sustainable cornhole Schlitz, twee Cosby sweater banh mi deep v forage letterpress flannel whatever keffiyeh. Sartorial cred irure, semiotics ethical sed blue bottle nihil letterpress.&lt;/p&gt;

&lt;p&gt;Occupy et selvage squid, pug brunch blog nesciunt hashtag mumblecore skateboard yr kogi. Ugh small batch swag four loko. Fap post-ironic qui tote bag farm-to-table american apparel scenester keffiyeh vero, swag non pour-over gentrify authentic pitchfork. Schlitz scenester lo-fi voluptate, tote bag irony bicycle rights pariatur vero Vice freegan wayfarers exercitation nisi shoreditch. Chambray tofu vero sed. Street art swag literally leggings, Cosby sweater mixtape PBR lomo Banksy non in pitchfork ennui McSweeney’s selfies. Odd Future Banksy non authentic.&lt;/p&gt;

&lt;p&gt;Aliquip enim artisan dolor post-ironic. Pug tote bag Marfa, deserunt pour-over Portland wolf eu odio intelligentsia american apparel ugh ea. Sunt viral et, 3 wolf moon gastropub pug id. Id fashion axe est typewriter, mlkshk Portland art party aute brunch. Sint pork belly Cosby sweater, deep v mumblecore kitsch american apparel. Try-hard direct trade tumblr sint skateboard. Adipisicing bitters excepteur biodiesel, pickled gastropub aute veniam.&lt;/p&gt;</content><author><name></name></author><summary type="html">Custom written post descriptions are the way to go... if you're not lazy.</summary><media:thumbnail xmlns:media="http://search.yahoo.com/mrss/" url="/lock-1600x800.jpg" /><media:content medium="image" url="/lock-1600x800.jpg" xmlns:media="http://search.yahoo.com/mrss/" /></entry><entry><title type="html">Post with Large Feature Image and Text</title><link href="/articles/readability-feature-post/" rel="alternate" type="text/html" title="Post with Large Feature Image and Text" /><published>2013-05-23T00:00:00-05:00</published><updated>2013-05-23T00:00:00-05:00</updated><id>/articles/readability-feature-post</id><content type="html" xml:base="/articles/readability-feature-post/">&lt;p&gt;This is a sample post with a large feature image up top and tons of text. Odio ad blue bottle vinyl, 90’s narwhal commodo bitters pour-over nostrud. Ugh est hashtag in, fingerstache adipisicing laboris esse Pinterest shabby chic Portland. Shoreditch bicycle rights anim, flexitarian laboris put a bird on it vinyl cupidatat narwhal. Hashtag artisan skateboard, flannel Bushwick nesciunt salvia aute fixie do plaid post-ironic dolor McSweeney’s. Cliche pour-over chambray nulla four loko skateboard sapiente hashtag.&lt;/p&gt;

&lt;nav class=&quot;toc&quot;&gt;
&lt;ul id=&quot;markdown-toc&quot;&gt;
  &lt;li&gt;&lt;a href=&quot;#cupidatat-90s-lo-fi-authentic-try-hard&quot; id=&quot;markdown-toc-cupidatat-90s-lo-fi-authentic-try-hard&quot;&gt;Cupidatat 90’s lo-fi authentic try-hard&lt;/a&gt;&lt;/li&gt;
  &lt;li&gt;&lt;a href=&quot;#forage-occaecat-cardigan-qui&quot; id=&quot;markdown-toc-forage-occaecat-cardigan-qui&quot;&gt;Forage occaecat cardigan qui&lt;/a&gt;&lt;/li&gt;
  &lt;li&gt;&lt;a href=&quot;#hoodie-duis&quot; id=&quot;markdown-toc-hoodie-duis&quot;&gt;Hoodie Duis&lt;/a&gt;&lt;/li&gt;
&lt;/ul&gt;

&lt;/nav&gt;

&lt;p&gt;Vero laborum commodo occupy. Semiotics voluptate mumblecore pug. Cosby sweater ullamco quinoa ennui assumenda, sapiente occupy delectus lo-fi. Ea fashion axe Marfa cillum aliquip. Retro Bushwick keytar cliche. Before they sold out sustainable gastropub Marfa readymade, ethical Williamsburg skateboard brunch qui consectetur gentrify semiotics. Mustache cillum irony, fingerstache magna pour-over keffiyeh tousled selfies.&lt;/p&gt;

&lt;h2 id=&quot;cupidatat-90s-lo-fi-authentic-try-hard&quot;&gt;Cupidatat 90’s lo-fi authentic try-hard&lt;/h2&gt;

&lt;p&gt;In pug Portland incididunt mlkshk put a bird on it vinyl quinoa. Terry Richardson shabby chic +1, scenester Tonx excepteur tempor fugiat voluptate fingerstache aliquip nisi next level. Farm-to-table hashtag Truffaut, Odd Future ex meggings gentrify single-origin coffee try-hard 90’s.&lt;/p&gt;

&lt;ul&gt;
  &lt;li&gt;Sartorial hoodie&lt;/li&gt;
  &lt;li&gt;Labore viral forage&lt;/li&gt;
  &lt;li&gt;Tote bag selvage&lt;/li&gt;
  &lt;li&gt;DIY exercitation et id ugh tumblr church-key&lt;/li&gt;
&lt;/ul&gt;

&lt;p&gt;Incididunt umami sriracha, ethical fugiat VHS ex assumenda yr irure direct trade. Marfa Truffaut bicycle rights, kitsch placeat Etsy kogi asymmetrical. Beard locavore flexitarian, kitsch photo booth hoodie plaid ethical readymade leggings yr.&lt;/p&gt;

&lt;p&gt;Aesthetic odio dolore, meggings disrupt qui readymade stumptown brunch Terry Richardson pour-over gluten-free. Banksy american apparel in selfies, biodiesel flexitarian organic meh wolf quinoa gentrify banjo kogi. Readymade tofu ex, scenester dolor umami fingerstache occaecat fashion axe Carles jean shorts minim. Keffiyeh fashion axe nisi Godard mlkshk dolore. Lomo you probably haven’t heard of them eu non, Odd Future Truffaut pug keytar meggings McSweeney’s Pinterest cred. Etsy literally aute esse, eu bicycle rights qui meggings fanny pack. Gentrify leggings pug flannel duis.&lt;/p&gt;

&lt;h2 id=&quot;forage-occaecat-cardigan-qui&quot;&gt;Forage occaecat cardigan qui&lt;/h2&gt;

&lt;p&gt;Fashion axe hella gastropub lo-fi kogi 90’s aliquip +1 veniam delectus tousled. Cred sriracha locavore gastropub kale chips, iPhone mollit sartorial. Anim dolore 8-bit, pork belly dolor photo booth aute flannel small batch. Dolor disrupt ennui, tattooed whatever salvia Banksy sartorial roof party selfies raw denim sint meh pour-over. Ennui eu cardigan sint, gentrify iPhone cornhole.&lt;/p&gt;

&lt;blockquote&gt;
  &lt;p&gt;Whatever velit occaecat quis deserunt gastropub, leggings elit tousled roof party 3 wolf moon kogi pug blue bottle ea. Fashion axe shabby chic Austin quinoa pickled laborum bitters next level, disrupt deep v accusamus non fingerstache.&lt;/p&gt;
&lt;/blockquote&gt;

&lt;p&gt;Tote bag asymmetrical elit sunt. Occaecat authentic Marfa, hella McSweeney’s next level irure veniam master cleanse. Sed hoodie letterpress artisan wolf leggings, 3 wolf moon commodo ullamco. Anim occupy ea labore Terry Richardson. Tofu ex master cleanse in whatever pitchfork banh mi, occupy fugiat fanny pack Austin authentic. Magna fugiat 3 wolf moon, labore McSweeney’s sustainable vero consectetur. Gluten-free disrupt enim, aesthetic fugiat jean shorts trust fund keffiyeh magna try-hard.&lt;/p&gt;

&lt;h2 id=&quot;hoodie-duis&quot;&gt;Hoodie Duis&lt;/h2&gt;

&lt;p&gt;Actually salvia consectetur, hoodie duis lomo YOLO sunt sriracha. Aute pop-up brunch farm-to-table odio, salvia irure occaecat. Sriracha small batch literally skateboard. Echo Park nihil hoodie, aliquip forage artisan laboris. Trust fund reprehenderit nulla locavore. Stumptown raw denim kitsch, keffiyeh nulla twee dreamcatcher fanny pack ullamco 90’s pop-up est culpa farm-to-table. Selfies 8-bit do pug odio.&lt;/p&gt;

&lt;h3 id=&quot;thundercats-ho&quot;&gt;Thundercats Ho!&lt;/h3&gt;

&lt;p&gt;Fingerstache thundercats Williamsburg, deep v scenester Banksy ennui vinyl selfies mollit biodiesel duis odio pop-up. Banksy 3 wolf moon try-hard, sapiente enim stumptown deep v ad letterpress. Squid beard brunch, exercitation raw denim yr sint direct trade. Raw denim narwhal id, flannel DIY McSweeney’s seitan. Letterpress artisan bespoke accusamus, meggings laboris consequat Truffaut qui in seitan. Sustainable cornhole Schlitz, twee Cosby sweater banh mi deep v forage letterpress flannel whatever keffiyeh. Sartorial cred irure, semiotics ethical sed blue bottle nihil letterpress.&lt;/p&gt;

&lt;p&gt;Occupy et selvage squid, pug brunch blog nesciunt hashtag mumblecore skateboard yr kogi. Ugh small batch swag four loko. Fap post-ironic qui tote bag farm-to-table american apparel scenester keffiyeh vero, swag non pour-over gentrify authentic pitchfork. Schlitz scenester lo-fi voluptate, tote bag irony bicycle rights pariatur vero Vice freegan wayfarers exercitation nisi shoreditch. Chambray tofu vero sed. Street art swag literally leggings, Cosby sweater mixtape PBR lomo Banksy non in pitchfork ennui McSweeney’s selfies. Odd Future Banksy non authentic.&lt;/p&gt;

&lt;p&gt;Aliquip enim artisan dolor post-ironic. Pug tote bag Marfa, deserunt pour-over Portland wolf eu odio intelligentsia american apparel ugh ea. Sunt viral et, 3 wolf moon gastropub pug id. Id fashion axe est typewriter, mlkshk Portland art party aute brunch. Sint pork belly Cosby sweater, deep v mumblecore kitsch american apparel. Try-hard direct trade tumblr sint skateboard. Adipisicing bitters excepteur biodiesel, pickled gastropub aute veniam.&lt;/p&gt;</content><author><name></name></author><category term="sample" /><category term="readability" /><summary type="html">Custom written post descriptions are the way to go... if you're not lazy.</summary><media:thumbnail xmlns:media="http://search.yahoo.com/mrss/" url="/%7B%22feature%22=%3E%221600x800.gif%22%7D" /><media:content medium="image" url="/%7B%22feature%22=%3E%221600x800.gif%22%7D" xmlns:media="http://search.yahoo.com/mrss/" /></entry><entry><title type="html">A Post with Images</title><link href="/articles/sample-post-images/" rel="alternate" type="text/html" title="A Post with Images" /><published>2013-05-22T00:00:00-05:00</published><updated>2013-05-22T00:00:00-05:00</updated><id>/articles/sample-post-images</id><content type="html" xml:base="/articles/sample-post-images/">&lt;p&gt;Here are some examples of what a post with images might look like. If you want to display two or three images next to each other responsively use &lt;code class=&quot;highlighter-rouge&quot;&gt;figure&lt;/code&gt; with the appropriate &lt;code class=&quot;highlighter-rouge&quot;&gt;class&lt;/code&gt;. Each instance of &lt;code class=&quot;highlighter-rouge&quot;&gt;figure&lt;/code&gt; is auto-numbered and displayed in the caption.&lt;/p&gt;

&lt;nav class=&quot;toc&quot;&gt;
&lt;ul id=&quot;markdown-toc&quot;&gt;
  &lt;li&gt;&lt;a href=&quot;#markdown-images&quot; id=&quot;markdown-toc-markdown-images&quot;&gt;Markdown images&lt;/a&gt;&lt;/li&gt;
  &lt;li&gt;&lt;a href=&quot;#figures-for-images-or-video&quot; id=&quot;markdown-toc-figures-for-images-or-video&quot;&gt;Figures (for images or video)&lt;/a&gt;&lt;/li&gt;
&lt;/ul&gt;

&lt;/nav&gt;

&lt;h2 id=&quot;markdown-images&quot;&gt;Markdown images&lt;/h2&gt;

&lt;p&gt;&lt;img src=&quot;http://placehold.it/900x450.gif&quot; alt=&quot;sample image&quot; title=&quot;placeholder&quot; /&gt;&lt;/p&gt;

&lt;p&gt;&lt;a href=&quot;http://placehold.it&quot; title=&quot;A simple image placeholder service.&quot;&gt;&lt;img src=&quot;http://placehold.it/900x450.gif&quot; alt=&quot;sample image&quot; /&gt;&lt;/a&gt;&lt;/p&gt;

&lt;h2 id=&quot;figures-for-images-or-video&quot;&gt;Figures (for images or video)&lt;/h2&gt;

&lt;h3 id=&quot;one-up&quot;&gt;One Up&lt;/h3&gt;

&lt;figure&gt;
	&lt;a href=&quot;http://placehold.it/900x450.gif&quot;&gt;&lt;img src=&quot;http://placehold.it/900x450.gif&quot; /&gt;&lt;/a&gt;
	&lt;figcaption&gt;Image caption.&lt;/figcaption&gt;
&lt;/figure&gt;

&lt;h3 id=&quot;two-up&quot;&gt;Two Up&lt;/h3&gt;

&lt;p&gt;Apply the &lt;code class=&quot;highlighter-rouge&quot;&gt;half&lt;/code&gt; class like so to display two images side by side that share the same caption.&lt;/p&gt;

&lt;div class=&quot;language-html highlighter-rouge&quot;&gt;&lt;div class=&quot;highlight&quot;&gt;&lt;pre class=&quot;highlight&quot;&gt;&lt;code&gt;&lt;span class=&quot;nt&quot;&gt;&amp;lt;figure&lt;/span&gt; &lt;span class=&quot;na&quot;&gt;class=&lt;/span&gt;&lt;span class=&quot;s&quot;&gt;&quot;half&quot;&lt;/span&gt;&lt;span class=&quot;nt&quot;&gt;&amp;gt;&lt;/span&gt;
	&lt;span class=&quot;nt&quot;&gt;&amp;lt;img&lt;/span&gt; &lt;span class=&quot;na&quot;&gt;src=&lt;/span&gt;&lt;span class=&quot;s&quot;&gt;&quot;/images/image-filename-1.jpg&quot;&lt;/span&gt;&lt;span class=&quot;nt&quot;&gt;&amp;gt;&lt;/span&gt;
	&lt;span class=&quot;nt&quot;&gt;&amp;lt;img&lt;/span&gt; &lt;span class=&quot;na&quot;&gt;src=&lt;/span&gt;&lt;span class=&quot;s&quot;&gt;&quot;/images/image-filename-2.jpg&quot;&lt;/span&gt;&lt;span class=&quot;nt&quot;&gt;&amp;gt;&lt;/span&gt;
	&lt;span class=&quot;nt&quot;&gt;&amp;lt;figcaption&amp;gt;&lt;/span&gt;Caption describing these two images.&lt;span class=&quot;nt&quot;&gt;&amp;lt;/figcaption&amp;gt;&lt;/span&gt;
&lt;span class=&quot;nt&quot;&gt;&amp;lt;/figure&amp;gt;&lt;/span&gt;
&lt;/code&gt;&lt;/pre&gt;&lt;/div&gt;&lt;/div&gt;

&lt;p&gt;And you’ll get something that looks like this:&lt;/p&gt;

&lt;figure class=&quot;half&quot;&gt;
	&lt;a href=&quot;http://placehold.it/1200x600.gif&quot;&gt;&lt;img src=&quot;http://placehold.it/900x450.gif&quot; /&gt;&lt;/a&gt;
	&lt;a href=&quot;http://placehold.it/1200x600.gif&quot;&gt;&lt;img src=&quot;http://placehold.it/900x450.gif&quot; /&gt;&lt;/a&gt;
	&lt;figcaption&gt;Two images.&lt;/figcaption&gt;
&lt;/figure&gt;

&lt;h3 id=&quot;three-up&quot;&gt;Three Up&lt;/h3&gt;

&lt;p&gt;Apply the &lt;code class=&quot;highlighter-rouge&quot;&gt;third&lt;/code&gt; class like so to display three images side by side that share the same caption.&lt;/p&gt;

&lt;div class=&quot;language-html highlighter-rouge&quot;&gt;&lt;div class=&quot;highlight&quot;&gt;&lt;pre class=&quot;highlight&quot;&gt;&lt;code&gt;&lt;span class=&quot;nt&quot;&gt;&amp;lt;figure&lt;/span&gt; &lt;span class=&quot;na&quot;&gt;class=&lt;/span&gt;&lt;span class=&quot;s&quot;&gt;&quot;third&quot;&lt;/span&gt;&lt;span class=&quot;nt&quot;&gt;&amp;gt;&lt;/span&gt;
	&lt;span class=&quot;nt&quot;&gt;&amp;lt;img&lt;/span&gt; &lt;span class=&quot;na&quot;&gt;src=&lt;/span&gt;&lt;span class=&quot;s&quot;&gt;&quot;/images/image-filename-1.jpg&quot;&lt;/span&gt;&lt;span class=&quot;nt&quot;&gt;&amp;gt;&lt;/span&gt;
	&lt;span class=&quot;nt&quot;&gt;&amp;lt;img&lt;/span&gt; &lt;span class=&quot;na&quot;&gt;src=&lt;/span&gt;&lt;span class=&quot;s&quot;&gt;&quot;/images/image-filename-2.jpg&quot;&lt;/span&gt;&lt;span class=&quot;nt&quot;&gt;&amp;gt;&lt;/span&gt;
	&lt;span class=&quot;nt&quot;&gt;&amp;lt;img&lt;/span&gt; &lt;span class=&quot;na&quot;&gt;src=&lt;/span&gt;&lt;span class=&quot;s&quot;&gt;&quot;/images/image-filename-3.jpg&quot;&lt;/span&gt;&lt;span class=&quot;nt&quot;&gt;&amp;gt;&lt;/span&gt;
	&lt;span class=&quot;nt&quot;&gt;&amp;lt;figcaption&amp;gt;&lt;/span&gt;Caption describing these three images.&lt;span class=&quot;nt&quot;&gt;&amp;lt;/figcaption&amp;gt;&lt;/span&gt;
&lt;span class=&quot;nt&quot;&gt;&amp;lt;/figure&amp;gt;&lt;/span&gt;
&lt;/code&gt;&lt;/pre&gt;&lt;/div&gt;&lt;/div&gt;

&lt;p&gt;And you’ll get something that looks like this:&lt;/p&gt;

&lt;figure class=&quot;third&quot;&gt;
	&lt;img src=&quot;http://placehold.it/900x450.gif&quot; /&gt;
	&lt;img src=&quot;http://placehold.it/900x450.gif&quot; /&gt;
	&lt;img src=&quot;http://placehold.it/900x450.gif&quot; /&gt;
	&lt;figcaption&gt;Three images.&lt;/figcaption&gt;
&lt;/figure&gt;

&lt;p&gt;Testing images with links to larger images:&lt;/p&gt;

&lt;figure class=&quot;third&quot;&gt;
	&lt;a href=&quot;http://placehold.it/1200x600.gif&quot;&gt;&lt;img src=&quot;http://placehold.it/900x450.gif&quot; /&gt;&lt;/a&gt;
	&lt;a href=&quot;http://placehold.it/1200x600.gif&quot;&gt;&lt;img src=&quot;http://placehold.it/900x450.gif&quot; /&gt;&lt;/a&gt;
	&lt;a href=&quot;http://placehold.it/1200x600.gif&quot;&gt;&lt;img src=&quot;http://placehold.it/900x450.gif&quot; /&gt;&lt;/a&gt;
	&lt;figcaption&gt;Three linked images.&lt;/figcaption&gt;
&lt;/figure&gt;</content><author><name></name></author><category term="sample" /><category term="images" /><category term="test" /><summary type="html">Examples and code for displaying images in posts.</summary></entry><entry><title type="html">Testing Readability with a Bunch of Text</title><link href="/articles/readability-post/" rel="alternate" type="text/html" title="Testing Readability with a Bunch of Text" /><published>2012-05-22T00:00:00-05:00</published><updated>2012-05-22T00:00:00-05:00</updated><id>/articles/readability-post</id><content type="html" xml:base="/articles/readability-post/">&lt;p&gt;Portland in shoreditch Vice, labore typewriter pariatur hoodie fap sartorial Austin. Pinterest literally occupy Schlitz forage. Odio ad blue bottle vinyl, 90’s narwhal&lt;sup id=&quot;fnref:footnote&quot; role=&quot;doc-noteref&quot;&gt;&lt;a href=&quot;#fn:footnote&quot; class=&quot;footnote&quot;&gt;1&lt;/a&gt;&lt;/sup&gt; commodo bitters pour-over nostrud. Ugh est hashtag in, fingerstache adipisicing laboris esse &lt;a href=&quot;http://pinterest.com&quot;&gt;Pinterest&lt;/a&gt; shabby chic Portland. Shoreditch bicycle rights anim, flexitarian laboris put a bird on it vinyl cupidatat narwhal. Hashtag artisan skateboard, flannel Bushwick nesciunt salvia aute fixie do plaid post-ironic dolor McSweeney’s. Cliche pour-over chambray nulla four loko skateboard sapiente hashtag.&lt;/p&gt;

&lt;nav class=&quot;toc&quot;&gt;
&lt;ul id=&quot;markdown-toc&quot;&gt;
  &lt;li&gt;&lt;a href=&quot;#cupidatat-90s-lo-fi-authentic-try-hard&quot; id=&quot;markdown-toc-cupidatat-90s-lo-fi-authentic-try-hard&quot;&gt;Cupidatat 90’s lo-fi authentic try-hard&lt;/a&gt;&lt;/li&gt;
  &lt;li&gt;&lt;a href=&quot;#forage-occaecat-cardigan-qui&quot; id=&quot;markdown-toc-forage-occaecat-cardigan-qui&quot;&gt;Forage occaecat cardigan qui&lt;/a&gt;&lt;/li&gt;
  &lt;li&gt;&lt;a href=&quot;#hoodie-duis&quot; id=&quot;markdown-toc-hoodie-duis&quot;&gt;Hoodie Duis&lt;/a&gt;&lt;/li&gt;
&lt;/ul&gt;

&lt;/nav&gt;

&lt;p&gt;Vero laborum commodo occupy. &lt;a href=&quot;http://hipsum.co/&quot;&gt;&lt;em&gt;Semiotics voluptate mumblecore&lt;/em&gt;&lt;/a&gt; pug. Cosby sweater ullamco quinoa ennui assumenda, sapiente occupy delectus lo-fi. Ea fashion axe Marfa cillum aliquip. Retro Bushwick keytar cliche. Before they sold out sustainable gastropub Marfa readymade, ethical Williamsburg skateboard brunch qui consectetur gentrify semiotics. Mustache cillum irony, fingerstache magna pour-over keffiyeh tousled selfies.&lt;/p&gt;

&lt;hr /&gt;

&lt;h2 id=&quot;cupidatat-90s-lo-fi-authentic-try-hard&quot;&gt;Cupidatat 90’s lo-fi authentic try-hard&lt;/h2&gt;

&lt;p&gt;In pug Portland incididunt mlkshk put a bird on it vinyl quinoa. Terry Richardson shabby chic +1, scenester Tonx excepteur tempor fugiat voluptate fingerstache aliquip nisi next level. Farm-to-table hashtag Truffaut, Odd Future ex meggings gentrify single-origin coffee&lt;sup id=&quot;fnref:coffee&quot; role=&quot;doc-noteref&quot;&gt;&lt;a href=&quot;#fn:coffee&quot; class=&quot;footnote&quot;&gt;2&lt;/a&gt;&lt;/sup&gt; try-hard 90’s.&lt;/p&gt;

&lt;ul&gt;
  &lt;li&gt;Sartorial hoodie&lt;/li&gt;
  &lt;li&gt;Labore viral forage&lt;/li&gt;
  &lt;li&gt;Tote bag selvage&lt;/li&gt;
  &lt;li&gt;DIY exercitation et id ugh tumblr church-key&lt;/li&gt;
&lt;/ul&gt;

&lt;p&gt;Incididunt umami sriracha, ethical fugiat VHS ex assumenda yr irure direct trade. Marfa Truffaut bicycle rights, kitsch placeat Etsy kogi asymmetrical. Beard locavore flexitarian, kitsch photo booth hoodie plaid ethical readymade leggings yr.&lt;/p&gt;

&lt;figure&gt;
	&lt;img src=&quot;http://placehold.it/600x250.gif&quot; alt=&quot;&quot; /&gt;
	&lt;figcaption&gt;Image caption goes here. Aesthetic odio dolore, meggings disrupt.&lt;/figcaption&gt;
&lt;/figure&gt;

&lt;p&gt;Aesthetic odio dolore, meggings disrupt qui readymade stumptown brunch Terry Richardson pour-over gluten-free. Banksy american apparel in selfies, biodiesel flexitarian organic meh wolf quinoa gentrify banjo kogi. Readymade tofu ex, scenester dolor umami fingerstache occaecat fashion axe Carles jean shorts minim. Keffiyeh fashion axe nisi Godard mlkshk dolore. Lomo you probably haven’t heard of them eu non, Odd Future Truffaut pug keytar meggings McSweeney’s Pinterest cred. Etsy literally aute esse, eu bicycle rights qui meggings fanny pack. Gentrify leggings pug flannel duis.&lt;/p&gt;

&lt;h2 id=&quot;forage-occaecat-cardigan-qui&quot;&gt;Forage occaecat cardigan qui&lt;/h2&gt;

&lt;p&gt;Fashion axe hella gastropub lo-fi kogi 90’s aliquip +1 veniam delectus tousled. Cred sriracha locavore gastropub kale chips, iPhone mollit sartorial. Anim dolore 8-bit, pork belly dolor photo booth aute flannel small batch. Dolor disrupt ennui, tattooed whatever salvia Banksy sartorial roof party selfies raw denim sint meh pour-over. Ennui eu cardigan sint, gentrify iPhone cornhole.&lt;/p&gt;

&lt;blockquote&gt;
  &lt;p&gt;Whatever velit occaecat quis deserunt gastropub, leggings elit tousled roof party 3 wolf moon kogi pug blue bottle ea. Fashion axe shabby chic Austin quinoa pickled laborum bitters next level, disrupt deep v accusamus non fingerstache.&lt;/p&gt;
&lt;/blockquote&gt;

&lt;p&gt;Tote bag asymmetrical elit sunt. Occaecat authentic Marfa, hella McSweeney’s next level irure veniam master cleanse. Sed hoodie letterpress artisan wolf leggings, 3 wolf moon commodo ullamco. Anim occupy ea labore Terry Richardson. Tofu ex master cleanse in whatever pitchfork banh mi, occupy fugiat fanny pack Austin authentic. Magna fugiat 3 wolf moon, labore McSweeney’s sustainable vero consectetur. Gluten-free disrupt enim, aesthetic fugiat jean shorts trust fund keffiyeh magna try-hard.&lt;/p&gt;

&lt;h2 id=&quot;hoodie-duis&quot;&gt;Hoodie Duis&lt;/h2&gt;

&lt;p&gt;Actually salvia consectetur, hoodie duis lomo YOLO sunt sriracha. Aute pop-up brunch farm-to-table odio, salvia irure occaecat. Sriracha small batch literally skateboard. Echo Park nihil hoodie, aliquip forage artisan laboris. Trust fund reprehenderit nulla locavore. Stumptown raw denim kitsch, keffiyeh nulla twee dreamcatcher fanny pack ullamco 90’s pop-up est culpa farm-to-table. Selfies 8-bit do pug odio.&lt;/p&gt;

&lt;h3 id=&quot;thundercats-ho&quot;&gt;Thundercats Ho!&lt;/h3&gt;

&lt;p&gt;Fingerstache thundercats Williamsburg, deep v scenester Banksy ennui vinyl selfies mollit biodiesel duis odio pop-up. Banksy 3 wolf moon try-hard, sapiente enim stumptown deep v ad letterpress. Squid beard brunch, exercitation raw denim yr sint direct trade. Raw denim narwhal id, flannel DIY McSweeney’s seitan. Letterpress artisan bespoke accusamus, meggings laboris consequat Truffaut qui in seitan. Sustainable cornhole Schlitz, twee Cosby sweater banh mi deep v forage letterpress flannel whatever keffiyeh. Sartorial cred irure, semiotics ethical sed blue bottle nihil letterpress.&lt;/p&gt;

&lt;p&gt;Occupy et selvage squid, pug brunch blog nesciunt hashtag mumblecore skateboard yr kogi. Ugh small batch swag four loko. Fap post-ironic qui tote bag farm-to-table american apparel scenester keffiyeh vero, swag non pour-over gentrify authentic pitchfork. Schlitz scenester lo-fi voluptate, tote bag irony bicycle rights pariatur vero Vice freegan wayfarers exercitation nisi shoreditch. Chambray tofu vero sed. Street art swag literally leggings, Cosby sweater mixtape PBR lomo Banksy non in pitchfork ennui McSweeney’s selfies. Odd Future Banksy non authentic.&lt;/p&gt;

&lt;p&gt;Aliquip enim artisan dolor post-ironic. Pug tote bag Marfa, deserunt pour-over Portland wolf eu odio intelligentsia american apparel ugh ea. Sunt viral et, 3 wolf moon gastropub pug id. Id fashion axe est typewriter, mlkshk Portland art party aute brunch. Sint pork belly Cosby sweater, deep v mumblecore kitsch american apparel. Try-hard direct trade tumblr sint skateboard. Adipisicing bitters excepteur biodiesel, pickled gastropub aute veniam.&lt;/p&gt;
&lt;div class=&quot;footnotes&quot; role=&quot;doc-endnotes&quot;&gt;
  &lt;ol&gt;
    &lt;li id=&quot;fn:footnote&quot; role=&quot;doc-endnote&quot;&gt;
      &lt;p&gt;Hashtag artisan skateboard, flannel Bushwick nesciunt salvia aute fixie do plaid post-ironic dolor McSweeney’s. &lt;a href=&quot;#fnref:footnote&quot; class=&quot;reversefootnote&quot; role=&quot;doc-backlink&quot;&gt;&amp;#8617;&lt;/a&gt;&lt;/p&gt;
    &lt;/li&gt;
    &lt;li id=&quot;fn:coffee&quot; role=&quot;doc-endnote&quot;&gt;
      &lt;p&gt;I like coffee, coffee is good. &lt;a href=&quot;#fnref:coffee&quot; class=&quot;reversefootnote&quot; role=&quot;doc-backlink&quot;&gt;&amp;#8617;&lt;/a&gt;&lt;/p&gt;
    &lt;/li&gt;
  &lt;/ol&gt;
&lt;/div&gt;</content><author><name>Billy Rick</name><email>billy@rick.com</email></author><category term="sample" /><category term="readability" /><category term="test" /><summary type="html">A ton of text to test readability.</summary></entry></feed>